timeStamp,elapsed,label,responseCode,responseMessage,threadName,dataType,success,failureMessage,bytes,sentBytes,grpThreads,allThreads,URL,Latency,IdleTime,Connect
1652708026062,1069,Get All Activities Request,200,OK,Endurance Test Group 1-3,text,true,,352,181,20,20,https://applicationtype195746-appservice.azurewebsites.net/api/Activities?Page=1&id=3,1069,0,811
1652708025968,1163,Get All Activities Request,200,OK,Endurance Test Group 1-1,text,true,,352,181,20,20,https://applicationtype195746-appservice.azurewebsites.net/api/Activities?Page=1&id=1,1163,0,894
1652708026012,1119,Get All Activities Request,200,OK,Endurance Test Group 1-2,text,true,,351,181,20,20,https://applicationtype195746-appservice.azurewebsites.net/api/Activities?Page=1&id=2,1119,0,861
1652708026114,1022,Get All Activities Request,200,OK,Endurance Test Group 1-4,text,true,,351,181,20,20,https://applicationtype195746-appservice.azurewebsites.net/api/Activities?Page=1&id=4,1022,0,765
1652708026162,1014,Get All Activities Request,200,OK,Endurance Test Group 1-5,text,true,,352,181,20,20,https://applicationtype195746-appservice.azurewebsites.net/api/Activities?Page=1&id=5,1014,0,759
1652708026212,1005,Get All Activities Request,200,OK,Endurance Test Group 1-6,text,true,,351,181,20,20,https://applicationtype195746-appservice.azurewebsites.net/api/Activities?Page=1&id=6,1005,0,757
1652708026264,1094,Get All Activities Request,200,OK,Endurance Test Group 1-7,text,true,,352,181,20,20,https://applicationtype195746-appservice.azurewebsites.net/api/Activities?Page=1&id=7,1094,0,834
1652708026315,1074,Get All Activities Request,200,OK,Endurance Test Group 1-8,text,true,,351,181,20,20,https://applicationtype195746-appservice.azurewebsites.net/api/Activities?Page=1&id=8,1074,0,806
1652708027140,251,Get All Activities Request,200,OK,Endurance Test Group 1-4,text,true,,351,181,20,20,https://applicationtype195746-appservice.azurewebsites.net/api/Activities?Page=1&id=2,251,0,0
1652708027140,251,Get All Activities Request,200,OK,Endurance Test Group 1-2,text,true,,351,181,20,20,https://applicationtype195746-appservice.azurewebsites.net/api/Activities?Page=1&id=4,251,0,0
1652708027140,253,Get All Activities Request,200,OK,Endurance Test Group 1-1,text,true,,352,181,20,20,https://applicationtype195746-appservice.azurewebsites.net/api/Activities?Page=1&id=1,253,0,0
1652708026364,1029,Get All Activities Request,200,OK,Endurance Test Group 1-9,text,true,,352,181,20,20,https://applicationtype195746-appservice.azurewebsites.net/api/Activities?Page=1&id=9,1029,0,769
1652708027140,255,Get All Activities Request,200,OK,Endurance Test Group 1-3,text,true,,352,181,20,20,https://applicationtype195746-appservice.azurewebsites.net/api/Activities?Page=1&id=3,255,0,0
1652708027177,244,Get All Activities Request,200,OK,Endurance Test Group 1-5,text,true,,352,181,20,20,https://applicationtype195746-appservice.azurewebsites.net/api/Activities?Page=1&id=5,244,0,0
1652708026412,1060,Get All Activities Request,200,OK,Endurance Test Group 1-10,text,true,,353,182,20,20,https://applicationtype195746-appservice.azurewebsites.net/api/Activities?Page=1&id=10,1060,0,766
1652708027217,269,Get All Activities Request,200,OK,Endurance Test Group 1-6,text,true,,351,181,20,20,https://applicationtype195746-appservice.azurewebsites.net/api/Activities?Page=1&id=6,269,0,0
1652708026464,1088,Get All Activities Request,200,OK,Endurance Test Group 1-11,text,true,,352,181,20,20,https://applicationtype195746-appservice.azurewebsites.net/api/Activities?Page=1&id=1,1088,0,830
1652708026515,1081,Get All Activities Request,200,OK,Endurance Test Group 1-12,text,true,,351,181,20,20,https://applicationtype195746-appservice.azurewebsites.net/api/Activities?Page=1&id=2,1081,0,832
1652708027358,242,Get All Activities Request,200,OK,Endurance Test Group 1-7,text,true,,352,181,20,20,https://applicationtype195746-appservice.azurewebsites.net/api/Activities?Page=1&id=7,242,0,0
1652708027392,238,Get All Activities Request,200,OK,Endurance Test Group 1-2,text,true,,352,181,20,20,https://applicationtype195746-appservice.azurewebsites.net/api/Activities?Page=1&id=9,238,0,0
1652708027392,239,Get All Activities Request,200,OK,Endurance Test Group 1-4,text,true,,353,182,20,20,https://applicationtype195746-appservice.azurewebsites.net/api/Activities?Page=1&id=10,239,0,0
1652708026566,1068,Get All Activities Request,200,OK,Endurance Test Group 1-13,text,true,,352,181,20,20,https://applicationtype195746-appservice.azurewebsites.net/api/Activities?Page=1&id=3,1068,0,809
1652708027395,241,Get All Activities Request,200,OK,Endurance Test Group 1-9,text,true,,351,181,20,20,https://applicationtype195746-appservice.azurewebsites.net/api/Activities?Page=1&id=2,241,0,0
1652708027395,241,Get All Activities Request,200,OK,Endurance Test Group 1-3,text,true,,352,181,20,20,https://applicationtype195746-appservice.azurewebsites.net/api/Activities?Page=1&id=3,241,0,0
1652708027390,246,Get All Activities Request,200,OK,Endurance Test Group 1-8,text,true,,351,181,20,20,https://applicationtype195746-appservice.azurewebsites.net/api/Activities?Page=1&id=8,246,0,0
1652708027395,250,Get All Activities Request,200,OK,Endurance Test Group 1-1,text,true,,352,181,20,20,https://applicationtype195746-appservice.azurewebsites.net/api/Activities?Page=1&id=1,250,0,0
1652708027421,278,Get All Activities Request,200,OK,Endurance Test Group 1-5,text,true,,351,181,20,20,https://applicationtype195746-appservice.azurewebsites.net/api/Activities?Page=1&id=4,278,0,0
1652708026614,1097,Get All Activities Request,200,OK,Endurance Test Group 1-14,text,true,,351,181,20,20,https://applicationtype195746-appservice.azurewebsites.net/api/Activities?Page=1&id=4,1097,0,797
1652708026664,1071,Get All Activities Request,200,OK,Endurance Test Group 1-15,text,true,,352,181,20,20,https://applicationtype195746-appservice.azurewebsites.net/api/Activities?Page=1&id=5,1071,0,816
1652708027486,249,Get All Activities Request,200,OK,Endurance Test Group 1-6,text,true,,351,181,20,20,https://applicationtype195746-appservice.azurewebsites.net/api/Activities?Page=1&id=6,249,0,0
1652708027472,263,Get All Activities Request,200,OK,Endurance Test Group 1-10,text,true,,352,181,20,20,https://applicationtype195746-appservice.azurewebsites.net/api/Activities?Page=1&id=5,263,0,0
1652708026715,1053,Get All Activities Request,200,OK,Endurance Test Group 1-16,text,true,,351,181,20,20,https://applicationtype195746-appservice.azurewebsites.net/api/Activities?Page=1&id=6,1053,0,784
1652708027552,248,Get All Activities Request,200,OK,Endurance Test Group 1-11,text,true,,352,181,20,20,https://applicationtype195746-appservice.azurewebsites.net/api/Activities?Page=1&id=7,248,0,0
1652708026763,1061,Get All Activities Request,200,OK,Endurance Test Group 1-17,text,true,,352,181,20,20,https://applicationtype195746-appservice.azurewebsites.net/api/Activities?Page=1&id=7,1061,0,819
1652708026812,1021,Get All Activities Request,200,OK,Endurance Test Group 1-18,text,true,,351,181,20,20,https://applicationtype195746-appservice.azurewebsites.net/api/Activities?Page=1&id=8,1021,0,774
1652708027597,237,Get All Activities Request,200,OK,Endurance Test Group 1-12,text,true,,351,181,20,20,https://applicationtype195746-appservice.azurewebsites.net/api/Activities?Page=1&id=8,237,0,0
1652708027600,239,Get All Activities Request,200,OK,Endurance Test Group 1-7,text,true,,352,181,20,20,https://applicationtype195746-appservice.azurewebsites.net/api/Activities?Page=1&id=9,239,0,0
1652708027631,237,Get All Activities Request,200,OK,Endurance Test Group 1-2,text,true,,352,182,20,20,https://applicationtype195746-appservice.azurewebsites.net/api/Activities?Page=1&id=10,237,0,0
1652708027633,237,Get All Activities Request,200,OK,Endurance Test Group 1-4,text,true,,351,181,20,20,https://applicationtype195746-appservice.azurewebsites.net/api/Activities?Page=1&id=1,237,0,0
1652708027637,238,Get All Activities Request,200,OK,Endurance Test Group 1-8,text,true,,351,181,20,20,https://applicationtype195746-appservice.azurewebsites.net/api/Activities?Page=1&id=5,238,0,0
1652708027637,238,Get All Activities Request,200,OK,Endurance Test Group 1-3,text,true,,350,181,20,20,https://applicationtype195746-appservice.azurewebsites.net/api/Activities?Page=1&id=4,238,0,0
1652708027637,238,Get All Activities Request,200,OK,Endurance Test Group 1-9,text,true,,351,181,20,20,https://applicationtype195746-appservice.azurewebsites.net/api/Activities?Page=1&id=3,238,0,0
1652708027635,242,Get All Activities Request,200,OK,Endurance Test Group 1-13,text,true,,350,181,20,20,https://applicationtype195746-appservice.azurewebsites.net/api/Activities?Page=1&id=2,242,0,0
1652708027646,237,Get All Activities Request,200,OK,Endurance Test Group 1-1,text,true,,351,181,20,20,https://applicationtype195746-appservice.azurewebsites.net/api/Activities?Page=1&id=6,237,0,0
1652708026863,1069,Get All Activities Request,200,OK,Endurance Test Group 1-19,text,true,,352,181,20,20,https://applicationtype195746-appservice.azurewebsites.net/api/Activities?Page=1&id=9,1069,0,831
1652708027700,240,Get All Activities Request,200,OK,Endurance Test Group 1-5,text,true,,352,181,20,20,https://applicationtype195746-appservice.azurewebsites.net/api/Activities?Page=1&id=7,240,0,0
1652708027711,240,Get All Activities Request,200,OK,Endurance Test Group 1-14,text,true,,351,181,20,20,https://applicationtype195746-appservice.azurewebsites.net/api/Activities?Page=1&id=8,240,0,0
1652708027735,239,Get All Activities Request,200,OK,Endurance Test Group 1-6,text,true,,352,181,20,20,https://applicationtype195746-appservice.azurewebsites.net/api/Activities?Page=1&id=9,239,0,0
1652708027737,242,Get All Activities Request,200,OK,Endurance Test Group 1-15,text,true,,352,181,20,20,https://applicationtype195746-appservice.azurewebsites.net/api/Activities?Page=1&id=1,242,0,0
1652708027735,244,Get All Activities Request,200,OK,Endurance Test Group 1-10,text,true,,353,182,20,20,https://applicationtype195746-appservice.azurewebsites.net/api/Activities?Page=1&id=10,244,0,0
1652708026913,1069,Get All Activities Request,200,OK,Endurance Test Group 1-20,text,true,,353,182,20,20,https://applicationtype195746-appservice.azurewebsites.net/api/Activities?Page=1&id=10,1069,0,830
1652708027768,241,Get All Activities Request,200,OK,Endurance Test Group 1-16,text,true,,351,181,20,20,https://applicationtype195746-appservice.azurewebsites.net/api/Activities?Page=1&id=2,241,0,0
1652708027800,245,Get All Activities Request,200,OK,Endurance Test Group 1-11,text,true,,352,181,20,20,https://applicationtype195746-appservice.azurewebsites.net/api/Activities?Page=1&id=3,245,0,0
1652708027825,241,Get All Activities Request,200,OK,Endurance Test Group 1-17,text,true,,351,181,20,20,https://applicationtype195746-appservice.azurewebsites.net/api/Activities?Page=1&id=4,241,0,0
1652708027833,239,Get All Activities Request,200,OK,Endurance Test Group 1-18,text,true,,352,181,20,20,https://applicationtype195746-appservice.azurewebsites.net/api/Activities?Page=1&id=5,239,0,0
1652708027834,243,Get All Activities Request,200,OK,Endurance Test Group 1-12,text,true,,351,181,20,20,https://applicationtype195746-appservice.azurewebsites.net/api/Activities?Page=1&id=6,243,0,0
1652708027839,238,Get All Activities Request,200,OK,Endurance Test Group 1-7,text,true,,352,181,20,20,https://applicationtype195746-appservice.azurewebsites.net/api/Activities?Page=1&id=7,238,0,0
1652708027869,242,Get All Activities Request,200,OK,Endurance Test Group 1-2,text,true,,351,181,20,20,https://applicationtype195746-appservice.azurewebsites.net/api/Activities?Page=1&id=8,242,0,0
1652708027870,250,Get All Activities Request,200,OK,Endurance Test Group 1-4,text,true,,352,181,20,20,https://applicationtype195746-appservice.azurewebsites.net/api/Activities?Page=1&id=9,250,0,0
1652708027876,244,Get All Activities Request,200,OK,Endurance Test Group 1-8,text,true,,353,182,20,20,https://applicationtype195746-appservice.azurewebsites.net/api/Activities?Page=1&id=10,244,0,0
1652708027878,243,Get All Activities Request,200,OK,Endurance Test Group 1-3,text,true,,352,181,20,20,https://applicationtype195746-appservice.azurewebsites.net/api/Activities?Page=1&id=1,243,0,0
1652708027878,243,Get All Activities Request,200,OK,Endurance Test Group 1-9,text,true,,352,181,20,20,https://applicationtype195746-appservice.azurewebsites.net/api/Activities?Page=1&id=3,243,0,0
1652708027884,238,Get All Activities Request,200,OK,Endurance Test Group 1-1,text,true,,351,181,20,20,https://applicationtype195746-appservice.azurewebsites.net/api/Activities?Page=1&id=4,238,0,0
1652708027878,245,Get All Activities Request,200,OK,Endurance Test Group 1-13,text,true,,351,181,20,20,https://applicationtype195746-appservice.azurewebsites.net/api/Activities?Page=1&id=2,245,0,0
1652708027932,240,Get All Activities Request,200,OK,Endurance Test Group 1-19,text,true,,352,181,20,20,https://applicationtype195746-appservice.azurewebsites.net/api/Activities?Page=1&id=5,240,0,0
1652708027941,242,Get All Activities Request,200,OK,Endurance Test Group 1-5,text,true,,351,181,20,20,https://applicationtype195746-appservice.azurewebsites.net/api/Activities?Page=1&id=6,242,0,0
1652708027952,241,Get All Activities Request,200,OK,Endurance Test Group 1-14,text,true,,352,181,20,20,https://applicationtype195746-appservice.azurewebsites.net/api/Activities?Page=1&id=7,241,0,0
1652708027974,243,Get All Activities Request,200,OK,Endurance Test Group 1-6,text,true,,351,181,20,20,https://applicationtype195746-appservice.azurewebsites.net/api/Activities?Page=1&id=8,243,0,0
1652708027979,242,Get All Activities Request,200,OK,Endurance Test Group 1-15,text,true,,352,181,20,20,https://applicationtype195746-appservice.azurewebsites.net/api/Activities?Page=1&id=9,242,0,0
1652708027979,243,Get All Activities Request,200,OK,Endurance Test Group 1-10,text,true,,353,182,20,20,https://applicationtype195746-appservice.azurewebsites.net/api/Activities?Page=1&id=10,243,0,0
1652708027985,243,Get All Activities Request,200,OK,Endurance Test Group 1-20,text,true,,352,181,20,20,https://applicationtype195746-appservice.azurewebsites.net/api/Activities?Page=1&id=1,243,0,0
1652708028009,240,Get All Activities Request,200,OK,Endurance Test Group 1-16,text,true,,350,181,20,20,https://applicationtype195746-appservice.azurewebsites.net/api/Activities?Page=1&id=2,240,0,0
1652708028046,245,Get All Activities Request,200,OK,Endurance Test Group 1-11,text,true,,352,181,20,20,https://applicationtype195746-appservice.azurewebsites.net/api/Activities?Page=1&id=3,245,0,0
1652708028066,244,Get All Activities Request,200,OK,Endurance Test Group 1-17,text,true,,351,181,20,20,https://applicationtype195746-appservice.azurewebsites.net/api/Activities?Page=1&id=4,244,0,0
1652708028073,238,Get All Activities Request,200,OK,Endurance Test Group 1-18,text,true,,352,181,20,20,https://applicationtype195746-appservice.azurewebsites.net/api/Activities?Page=1&id=5,238,0,0
1652708028077,238,Get All Activities Request,200,OK,Endurance Test Group 1-7,text,true,,352,181,20,20,https://applicationtype195746-appservice.azurewebsites.net/api/Activities?Page=1&id=7,238,0,0
1652708028077,239,Get All Activities Request,200,OK,Endurance Test Group 1-12,text,true,,351,181,20,20,https://applicationtype195746-appservice.azurewebsites.net/api/Activities?Page=1&id=6,238,0,0
1652708028111,248,Get All Activities Request,200,OK,Endurance Test Group 1-2,text,true,,351,181,20,20,https://applicationtype195746-appservice.azurewebsites.net/api/Activities?Page=1&id=8,248,0,0
1652708028120,239,Get All Activities Request,200,OK,Endurance Test Group 1-4,text,true,,352,181,20,20,https://applicationtype195746-appservice.azurewebsites.net/api/Activities?Page=1&id=9,239,0,0
1652708028121,239,Get All Activities Request,200,OK,Endurance Test Group 1-8,text,true,,353,182,20,20,https://applicationtype195746-appservice.azurewebsites.net/api/Activities?Page=1&id=10,239,0,0
1652708028124,239,Get All Activities Request,200,OK,Endurance Test Group 1-3,text,true,,352,181,20,20,https://applicationtype195746-appservice.azurewebsites.net/api/Activities?Page=1&id=1,239,0,0
1652708028124,242,Get All Activities Request,200,OK,Endurance Test Group 1-1,text,true,,352,181,20,20,https://applicationtype195746-appservice.azurewebsites.net/api/Activities?Page=1&id=3,242,0,0
1652708028124,245,Get All Activities Request,200,OK,Endurance Test Group 1-13,text,true,,351,181,20,20,https://applicationtype195746-appservice.azurewebsites.net/api/Activities?Page=1&id=2,245,0,0
1652708028124,242,Get All Activities Request,200,OK,Endurance Test Group 1-9,text,true,,351,181,20,20,https://applicationtype195746-appservice.azurewebsites.net/api/Activities?Page=1&id=4,242,0,0
1652708028172,240,Get All Activities Request,200,OK,Endurance Test Group 1-19,text,true,,352,181,20,20,https://applicationtype195746-appservice.azurewebsites.net/api/Activities?Page=1&id=5,240,0,0
1652708028183,242,Get All Activities Request,200,OK,Endurance Test Group 1-5,text,true,,351,181,20,20,https://applicationtype195746-appservice.azurewebsites.net/api/Activities?Page=1&id=6,242,0,0
1652708028193,244,Get All Activities Request,200,OK,Endurance Test Group 1-14,text,true,,352,181,20,20,https://applicationtype195746-appservice.azurewebsites.net/api/Activities?Page=1&id=7,244,0,0
1652708028217,239,Get All Activities Request,200,OK,Endurance Test Group 1-6,text,true,,351,181,20,20,https://applicationtype195746-appservice.azurewebsites.net/api/Activities?Page=1&id=8,239,0,0
1652708028222,240,Get All Activities Request,200,OK,Endurance Test Group 1-15,text,true,,352,181,20,20,https://applicationtype195746-appservice.azurewebsites.net/api/Activities?Page=1&id=9,240,0,0
1652708028222,241,Get All Activities Request,200,OK,Endurance Test Group 1-10,text,true,,353,182,20,20,https://applicationtype195746-appservice.azurewebsites.net/api/Activities?Page=1&id=10,241,0,0
1652708028231,245,Get All Activities Request,200,OK,Endurance Test Group 1-20,text,true,,352,181,20,20,https://applicationtype195746-appservice.azurewebsites.net/api/Activities?Page=1&id=1,245,0,0
1652708028250,240,Get All Activities Request,200,OK,Endurance Test Group 1-16,text,true,,351,181,20,20,https://applicationtype195746-appservice.azurewebsites.net/api/Activities?Page=1&id=2,240,0,0
1652708028292,248,Get All Activities Request,200,OK,Endurance Test Group 1-11,text,true,,352,181,20,20,https://applicationtype195746-appservice.azurewebsites.net/api/Activities?Page=1&id=3,248,0,0
1652708028312,240,Get All Activities Request,200,OK,Endurance Test Group 1-18,text,true,,352,181,20,20,https://applicationtype195746-appservice.azurewebsites.net/api/Activities?Page=1&id=5,240,0,0
1652708028310,243,Get All Activities Request,200,OK,Endurance Test Group 1-17,text,true,,351,181,20,20,https://applicationtype195746-appservice.azurewebsites.net/api/Activities?Page=1&id=4,243,0,0
1652708028316,239,Get All Activities Request,200,OK,Endurance Test Group 1-12,text,true,,352,181,20,20,https://applicationtype195746-appservice.azurewebsites.net/api/Activities?Page=1&id=7,239,0,0
1652708028316,239,Get All Activities Request,200,OK,Endurance Test Group 1-7,text,true,,351,181,20,20,https://applicationtype195746-appservice.azurewebsites.net/api/Activities?Page=1&id=6,239,0,0
1652708028359,243,Get All Activities Request,200,OK,Endurance Test Group 1-2,text,true,,351,181,20,20,https://applicationtype195746-appservice.azurewebsites.net/api/Activities?Page=1&id=8,243,0,0
1652708028369,239,Get All Activities Request,200,OK,Endurance Test Group 1-1,text,true,,351,181,20,20,https://applicationtype195746-appservice.azurewebsites.net/api/Activities?Page=1&id=2,239,0,0
1652708028369,251,Get All Activities Request,200,OK,Endurance Test Group 1-13,text,true,,352,181,20,20,https://applicationtype195746-appservice.azurewebsites.net/api/Activities?Page=1&id=3,251,0,0
1652708028413,239,Get All Activities Request,200,OK,Endurance Test Group 1-19,text,true,,352,181,20,20,https://applicationtype195746-appservice.azurewebsites.net/api/Activities?Page=1&id=5,239,0,0
1652708028426,239,Get All Activities Request,200,OK,Endurance Test Group 1-5,text,true,,351,181,20,20,https://applicationtype195746-appservice.azurewebsites.net/api/Activities?Page=1&id=6,239,0,0
1652708028437,243,Get All Activities Request,200,OK,Endurance Test Group 1-14,text,true,,352,181,20,20,https://applicationtype195746-appservice.azurewebsites.net/api/Activities?Page=1&id=7,243,0,0
1652708028456,238,Get All Activities Request,200,OK,Endurance Test Group 1-6,text,true,,351,181,20,20,https://applicationtype195746-appservice.azurewebsites.net/api/Activities?Page=1&id=8,238,0,0
1652708028462,241,Get All Activities Request,200,OK,Endurance Test Group 1-15,text,true,,352,181,20,20,https://applicationtype195746-appservice.azurewebsites.net/api/Activities?Page=1&id=9,241,0,0
1652708028464,240,Get All Activities Request,200,OK,Endurance Test Group 1-10,text,true,,353,182,20,20,https://applicationtype195746-appservice.azurewebsites.net/api/Activities?Page=1&id=10,240,0,0
1652708028478,240,Get All Activities Request,200,OK,Endurance Test Group 1-20,text,true,,352,181,20,20,https://applicationtype195746-appservice.azurewebsites.net/api/Activities?Page=1&id=1,240,0,0
1652708028490,239,Get All Activities Request,200,OK,Endurance Test Group 1-16,text,true,,351,181,20,20,https://applicationtype195746-appservice.azurewebsites.net/api/Activities?Page=1&id=2,239,0,0
1652708028540,246,Get All Activities Request,200,OK,Endurance Test Group 1-11,text,true,,352,181,20,20,https://applicationtype195746-appservice.azurewebsites.net/api/Activities?Page=1&id=3,246,0,0
1652708028552,240,Get All Activities Request,200,OK,Endurance Test Group 1-18,text,true,,351,181,20,20,https://applicationtype195746-appservice.azurewebsites.net/api/Activities?Page=1&id=4,239,0,0
1652708028555,238,Get All Activities Request,200,OK,Endurance Test Group 1-12,text,true,,351,181,20,20,https://applicationtype195746-appservice.azurewebsites.net/api/Activities?Page=1&id=6,238,0,0
1652708028555,238,Get All Activities Request,200,OK,Endurance Test Group 1-7,text,true,,352,181,20,20,https://applicationtype195746-appservice.azurewebsites.net/api/Activities?Page=1&id=7,238,0,0
1652708028553,241,Get All Activities Request,200,OK,Endurance Test Group 1-17,text,true,,352,181,20,20,https://applicationtype195746-appservice.azurewebsites.net/api/Activities?Page=1&id=5,241,0,0
1652708028360,446,Get All Activities Request,200,OK,Endurance Test Group 1-8,text,true,,353,182,20,20,https://applicationtype195746-appservice.azurewebsites.net/api/Activities?Page=1&id=10,446,0,0
1652708028359,454,Get All Activities Request,200,OK,Endurance Test Group 1-4,text,true,,352,181,20,20,https://applicationtype195746-appservice.azurewebsites.net/api/Activities?Page=1&id=9,454,0,0
1652708028369,453,Get All Activities Request,200,OK,Endurance Test Group 1-9,text,true,,351,181,20,20,https://applicationtype195746-appservice.azurewebsites.net/api/Activities?Page=1&id=4,453,0,0
1652708028366,457,Get All Activities Request,200,OK,Endurance Test Group 1-3,text,true,,352,181,20,20,https://applicationtype195746-appservice.azurewebsites.net/api/Activities?Page=1&id=1,457,0,0
1652708028602,241,Get All Activities Request,200,OK,Endurance Test Group 1-2,text,true,,351,181,20,20,https://applicationtype195746-appservice.azurewebsites.net/api/Activities?Page=1&id=8,241,0,0
1652708028609,238,Get All Activities Request,200,OK,Endurance Test Group 1-1,text,true,,352,181,20,20,https://applicationtype195746-appservice.azurewebsites.net/api/Activities?Page=1&id=9,238,0,0
1652708028620,244,Get All Activities Request,200,OK,Endurance Test Group 1-13,text,true,,353,182,20,20,https://applicationtype195746-appservice.azurewebsites.net/api/Activities?Page=1&id=10,244,0,0
1652708028654,241,Get All Activities Request,200,OK,Endurance Test Group 1-19,text,true,,351,181,20,20,https://applicationtype195746-appservice.azurewebsites.net/api/Activities?Page=1&id=1,241,0,0
1652708028665,240,Get All Activities Request,200,OK,Endurance Test Group 1-5,text,true,,351,181,20,20,https://applicationtype195746-appservice.azurewebsites.net/api/Activities?Page=1&id=2,240,0,0
1652708028680,245,Get All Activities Request,200,OK,Endurance Test Group 1-14,text,true,,352,181,20,20,https://applicationtype195746-appservice.azurewebsites.net/api/Activities?Page=1&id=3,245,0,0
1652708028695,240,Get All Activities Request,200,OK,Endurance Test Group 1-6,text,true,,351,181,20,20,https://applicationtype195746-appservice.azurewebsites.net/api/Activities?Page=1&id=4,240,0,0
1652708028703,245,Get All Activities Request,200,OK,Endurance Test Group 1-15,text,true,,352,181,20,20,https://applicationtype195746-appservice.azurewebsites.net/api/Activities?Page=1&id=5,245,0,0
1652708028704,250,Get All Activities Request,200,OK,Endurance Test Group 1-10,text,true,,351,181,20,20,https://applicationtype195746-appservice.azurewebsites.net/api/Activities?Page=1&id=6,250,0,0
1652708028719,240,Get All Activities Request,200,OK,Endurance Test Group 1-20,text,true,,352,181,20,20,https://applicationtype195746-appservice.azurewebsites.net/api/Activities?Page=1&id=7,240,0,0
1652708028729,239,Get All Activities Request,200,OK,Endurance Test Group 1-16,text,true,,351,181,20,20,https://applicationtype195746-appservice.azurewebsites.net/api/Activities?Page=1&id=8,239,0,0
1652708028786,248,Get All Activities Request,200,OK,Endurance Test Group 1-11,text,true,,352,181,20,20,https://applicationtype195746-appservice.azurewebsites.net/api/Activities?Page=1&id=9,248,0,0
1652708028792,246,Get All Activities Request,200,OK,Endurance Test Group 1-18,text,true,,353,182,20,20,https://applicationtype195746-appservice.azurewebsites.net/api/Activities?Page=1&id=10,246,0,0
1652708028797,242,Get All Activities Request,200,OK,Endurance Test Group 1-12,text,true,,352,181,20,20,https://applicationtype195746-appservice.azurewebsites.net/api/Activities?Page=1&id=1,242,0,0
1652708028797,243,Get All Activities Request,200,OK,Endurance Test Group 1-7,text,true,,351,181,20,20,https://applicationtype195746-appservice.azurewebsites.net/api/Activities?Page=1&id=3,243,0,0
1652708028797,244,Get All Activities Request,200,OK,Endurance Test Group 1-17,text,true,,350,181,20,20,https://applicationtype195746-appservice.azurewebsites.net/api/Activities?Page=1&id=2,244,0,0
1652708028806,241,Get All Activities Request,200,OK,Endurance Test Group 1-8,text,true,,350,181,20,20,https://applicationtype195746-appservice.azurewebsites.net/api/Activities?Page=1&id=4,241,0,0
1652708028813,245,Get All Activities Request,200,OK,Endurance Test Group 1-4,text,true,,352,181,20,20,https://applicationtype195746-appservice.azurewebsites.net/api/Activities?Page=1&id=5,245,0,0
1652708028823,239,Get All Activities Request,200,OK,Endurance Test Group 1-9,text,true,,351,181,20,20,https://applicationtype195746-appservice.azurewebsites.net/api/Activities?Page=1&id=6,239,0,0
1652708028823,239,Get All Activities Request,200,OK,Endurance Test Group 1-3,text,true,,352,181,20,20,https://applicationtype195746-appservice.azurewebsites.net/api/Activities?Page=1&id=7,239,0,0
1652708028847,241,Get All Activities Request,200,OK,Endurance Test Group 1-1,text,true,,352,181,20,20,https://applicationtype195746-appservice.azurewebsites.net/api/Activities?Page=1&id=9,241,0,0
1652708028843,245,Get All Activities Request,200,OK,Endurance Test Group 1-2,text,true,,351,181,20,20,https://applicationtype195746-appservice.azurewebsites.net/api/Activities?Page=1&id=8,245,0,0
1652708028865,243,Get All Activities Request,200,OK,Endurance Test Group 1-13,text,true,,353,182,20,20,https://applicationtype195746-appservice.azurewebsites.net/api/Activities?Page=1&id=10,243,0,0
1652708028899,239,Get All Activities Request,200,OK,Endurance Test Group 1-19,text,true,,352,181,20,20,https://applicationtype195746-appservice.azurewebsites.net/api/Activities?Page=1&id=1,239,0,0
1652708028906,240,Get All Activities Request,200,OK,Endurance Test Group 1-5,text,true,,351,181,20,20,https://applicationtype195746-appservice.azurewebsites.net/api/Activities?Page=1&id=2,240,0,0
1652708028925,242,Get All Activities Request,200,OK,Endurance Test Group 1-14,text,true,,352,181,20,20,https://applicationtype195746-appservice.azurewebsites.net/api/Activities?Page=1&id=3,242,0,0
1652708028935,244,Get All Activities Request,200,OK,Endurance Test Group 1-6,text,true,,351,181,20,20,https://applicationtype195746-appservice.azurewebsites.net/api/Activities?Page=1&id=4,244,0,0
1652708028949,246,Get All Activities Request,200,OK,Endurance Test Group 1-15,text,true,,352,181,20,20,https://applicationtype195746-appservice.azurewebsites.net/api/Activities?Page=1&id=5,246,0,0
1652708028954,245,Get All Activities Request,200,OK,Endurance Test Group 1-10,text,true,,351,181,20,20,https://applicationtype195746-appservice.azurewebsites.net/api/Activities?Page=1&id=6,245,0,0
1652708028959,240,Get All Activities Request,200,OK,Endurance Test Group 1-20,text,true,,352,181,20,20,https://applicationtype195746-appservice.azurewebsites.net/api/Activities?Page=1&id=7,240,0,0
1652708028968,239,Get All Activities Request,200,OK,Endurance Test Group 1-16,text,true,,351,181,20,20,https://applicationtype195746-appservice.azurewebsites.net/api/Activities?Page=1&id=8,239,0,0
1652708029041,250,Get All Activities Request,200,OK,Endurance Test Group 1-7,text,true,,350,181,20,20,https://applicationtype195746-appservice.azurewebsites.net/api/Activities?Page=1&id=2,250,0,0
1652708029048,243,Get All Activities Request,200,OK,Endurance Test Group 1-8,text,true,,350,181,20,20,https://applicationtype195746-appservice.azurewebsites.net/api/Activities?Page=1&id=4,243,0,0
1652708029042,249,Get All Activities Request,200,OK,Endurance Test Group 1-17,text,true,,351,181,20,20,https://applicationtype195746-appservice.azurewebsites.net/api/Activities?Page=1&id=3,249,0,0
1652708029041,250,Get All Activities Request,200,OK,Endurance Test Group 1-12,text,true,,351,181,20,20,https://applicationtype195746-appservice.azurewebsites.net/api/Activities?Page=1&id=1,250,0,0
1652708029034,257,Get All Activities Request,200,OK,Endurance Test Group 1-11,text,true,,351,181,20,20,https://applicationtype195746-appservice.azurewebsites.net/api/Activities?Page=1&id=9,257,0,0
1652708029038,253,Get All Activities Request,200,OK,Endurance Test Group 1-18,text,true,,352,182,20,20,https://applicationtype195746-appservice.azurewebsites.net/api/Activities?Page=1&id=10,253,0,0
1652708029059,242,Get All Activities Request,200,OK,Endurance Test Group 1-4,text,true,,351,181,20,20,https://applicationtype195746-appservice.azurewebsites.net/api/Activities?Page=1&id=5,242,0,0
1652708029062,241,Get All Activities Request,200,OK,Endurance Test Group 1-3,text,true,,350,181,20,20,https://applicationtype195746-appservice.azurewebsites.net/api/Activities?Page=1&id=6,241,0,0
1652708029062,243,Get All Activities Request,200,OK,Endurance Test Group 1-9,text,true,,351,181,20,20,https://applicationtype195746-appservice.azurewebsites.net/api/Activities?Page=1&id=7,243,0,0
1652708029088,238,Get All Activities Request,200,OK,Endurance Test Group 1-2,text,true,,351,181,20,20,https://applicationtype195746-appservice.azurewebsites.net/api/Activities?Page=1&id=8,238,0,0
1652708029088,239,Get All Activities Request,200,OK,Endurance Test Group 1-1,text,true,,352,181,20,20,https://applicationtype195746-appservice.azurewebsites.net/api/Activities?Page=1&id=9,239,0,0
1652708029108,248,Get All Activities Request,200,OK,Endurance Test Group 1-13,text,true,,353,182,20,20,https://applicationtype195746-appservice.azurewebsites.net/api/Activities?Page=1&id=10,248,0,0
1652708029140,240,Get All Activities Request,200,OK,Endurance Test Group 1-19,text,true,,352,181,20,20,https://applicationtype195746-appservice.azurewebsites.net/api/Activities?Page=1&id=1,240,0,0
1652708029146,240,Get All Activities Request,200,OK,Endurance Test Group 1-5,text,true,,351,181,20,20,https://applicationtype195746-appservice.azurewebsites.net/api/Activities?Page=1&id=2,240,0,0
1652708029168,241,Get All Activities Request,200,OK,Endurance Test Group 1-14,text,true,,352,181,20,20,https://applicationtype195746-appservice.azurewebsites.net/api/Activities?Page=1&id=3,241,0,0
1652708029179,254,Get All Activities Request,200,OK,Endurance Test Group 1-6,text,true,,351,181,20,20,https://applicationtype195746-appservice.azurewebsites.net/api/Activities?Page=1&id=4,254,0,0
1652708029199,249,Get All Activities Request,200,OK,Endurance Test Group 1-20,text,true,,352,181,20,20,https://applicationtype195746-appservice.azurewebsites.net/api/Activities?Page=1&id=7,249,0,0
1652708029199,249,Get All Activities Request,200,OK,Endurance Test Group 1-10,text,true,,351,181,20,20,https://applicationtype195746-appservice.azurewebsites.net/api/Activities?Page=1&id=6,249,0,0
1652708029207,241,Get All Activities Request,200,OK,Endurance Test Group 1-16,text,true,,350,181,20,20,https://applicationtype195746-appservice.azurewebsites.net/api/Activities?Page=1&id=8,241,0,0
1652708029195,253,Get All Activities Request,200,OK,Endurance Test Group 1-15,text,true,,352,181,20,20,https://applicationtype195746-appservice.azurewebsites.net/api/Activities?Page=1&id=5,253,0,0
1652708029292,237,Get All Activities Request,200,OK,Endurance Test Group 1-7,text,true,,353,182,20,20,https://applicationtype195746-appservice.azurewebsites.net/api/Activities?Page=1&id=10,237,0,0
1652708029293,237,Get All Activities Request,200,OK,Endurance Test Group 1-12,text,true,,352,181,20,20,https://applicationtype195746-appservice.azurewebsites.net/api/Activities?Page=1&id=1,237,0,0
1652708029291,240,Get All Activities Request,200,OK,Endurance Test Group 1-8,text,true,,352,181,20,20,https://applicationtype195746-appservice.azurewebsites.net/api/Activities?Page=1&id=9,240,0,0
1652708029293,238,Get All Activities Request,200,OK,Endurance Test Group 1-18,text,true,,352,181,20,20,https://applicationtype195746-appservice.azurewebsites.net/api/Activities?Page=1&id=3,238,0,0
1652708029293,241,Get All Activities Request,200,OK,Endurance Test Group 1-17,text,true,,351,181,20,20,https://applicationtype195746-appservice.azurewebsites.net/api/Activities?Page=1&id=4,241,0,0
1652708029301,236,Get All Activities Request,200,OK,Endurance Test Group 1-4,text,true,,352,181,20,20,https://applicationtype195746-appservice.azurewebsites.net/api/Activities?Page=1&id=5,236,0,0
1652708029293,245,Get All Activities Request,200,OK,Endurance Test Group 1-11,text,true,,351,181,20,20,https://applicationtype195746-appservice.azurewebsites.net/api/Activities?Page=1&id=2,245,0,0
1652708029305,239,Get All Activities Request,200,OK,Endurance Test Group 1-9,text,true,,352,181,20,20,https://applicationtype195746-appservice.azurewebsites.net/api/Activities?Page=1&id=7,239,0,0
1652708029303,241,Get All Activities Request,200,OK,Endurance Test Group 1-3,text,true,,351,181,20,20,https://applicationtype195746-appservice.azurewebsites.net/api/Activities?Page=1&id=6,241,0,0
1652708029327,238,Get All Activities Request,200,OK,Endurance Test Group 1-1,text,true,,352,181,20,20,https://applicationtype195746-appservice.azurewebsites.net/api/Activities?Page=1&id=9,238,0,0
1652708029326,239,Get All Activities Request,200,OK,Endurance Test Group 1-2,text,true,,351,181,20,20,https://applicationtype195746-appservice.azurewebsites.net/api/Activities?Page=1&id=8,239,0,0
1652708029356,252,Get All Activities Request,200,OK,Endurance Test Group 1-13,text,true,,353,182,20,20,https://applicationtype195746-appservice.azurewebsites.net/api/Activities?Page=1&id=10,252,0,0
1652708029382,241,Get All Activities Request,200,OK,Endurance Test Group 1-19,text,true,,352,181,20,20,https://applicationtype195746-appservice.azurewebsites.net/api/Activities?Page=1&id=1,241,0,0
1652708029386,247,Get All Activities Request,200,OK,Endurance Test Group 1-5,text,true,,351,181,20,20,https://applicationtype195746-appservice.azurewebsites.net/api/Activities?Page=1&id=2,247,0,0
1652708029409,241,Get All Activities Request,200,OK,Endurance Test Group 1-14,text,true,,352,181,20,20,https://applicationtype195746-appservice.azurewebsites.net/api/Activities?Page=1&id=3,241,0,0
1652708029433,240,Get All Activities Request,200,OK,Endurance Test Group 1-6,text,true,,349,181,20,20,https://applicationtype195746-appservice.azurewebsites.net/api/Activities?Page=1&id=4,240,0,0
1652708029449,241,Get All Activities Request,200,OK,Endurance Test Group 1-16,text,true,,351,181,20,20,https://applicationtype195746-appservice.azurewebsites.net/api/Activities?Page=1&id=7,241,0,0
1652708029448,242,Get All Activities Request,200,OK,Endurance Test Group 1-20,text,true,,351,181,20,20,https://applicationtype195746-appservice.azurewebsites.net/api/Activities?Page=1&id=5,242,0,0
1652708029449,241,Get All Activities Request,200,OK,Endurance Test Group 1-15,text,true,,350,181,20,20,https://applicationtype195746-appservice.azurewebsites.net/api/Activities?Page=1&id=8,241,0,0
1652708029448,244,Get All Activities Request,200,OK,Endurance Test Group 1-10,text,true,,350,181,20,20,https://applicationtype195746-appservice.azurewebsites.net/api/Activities?Page=1&id=6,244,0,0
1652708029529,239,Get All Activities Request,200,OK,Endurance Test Group 1-7,text,true,,352,181,20,20,https://applicationtype195746-appservice.azurewebsites.net/api/Activities?Page=1&id=9,239,0,0
1652708029530,239,Get All Activities Request,200,OK,Endurance Test Group 1-12,text,true,,353,182,20,20,https://applicationtype195746-appservice.azurewebsites.net/api/Activities?Page=1&id=10,239,0,0
1652708029534,238,Get All Activities Request,200,OK,Endurance Test Group 1-8,text,true,,352,181,20,20,https://applicationtype195746-appservice.azurewebsites.net/api/Activities?Page=1&id=1,238,0,0
1652708029534,238,Get All Activities Request,200,OK,Endurance Test Group 1-18,text,true,,351,181,20,20,https://applicationtype195746-appservice.azurewebsites.net/api/Activities?Page=1&id=2,238,0,0
1652708029538,253,Get All Activities Request,200,OK,Endurance Test Group 1-4,text,true,,351,181,20,20,https://applicationtype195746-appservice.azurewebsites.net/api/Activities?Page=1&id=4,253,0,0
1652708029534,257,Get All Activities Request,200,OK,Endurance Test Group 1-17,text,true,,352,181,20,20,https://applicationtype195746-appservice.azurewebsites.net/api/Activities?Page=1&id=3,257,0,0
1652708029538,253,Get All Activities Request,200,OK,Endurance Test Group 1-11,text,true,,352,181,20,20,https://applicationtype195746-appservice.azurewebsites.net/api/Activities?Page=1&id=5,253,0,0
1652708029544,247,Get All Activities Request,200,OK,Endurance Test Group 1-9,text,true,,351,181,20,20,https://applicationtype195746-appservice.azurewebsites.net/api/Activities?Page=1&id=6,247,0,0
1652708029544,247,Get All Activities Request,200,OK,Endurance Test Group 1-3,text,true,,352,181,20,20,https://applicationtype195746-appservice.azurewebsites.net/api/Activities?Page=1&id=7,247,0,0
1652708029565,246,Get All Activities Request,200,OK,Endurance Test Group 1-1,text,true,,351,181,20,20,https://applicationtype195746-appservice.azurewebsites.net/api/Activities?Page=1&id=8,246,0,0
1652708029608,243,Get All Activities Request,200,OK,Endurance Test Group 1-13,text,true,,353,182,20,20,https://applicationtype195746-appservice.azurewebsites.net/api/Activities?Page=1&id=10,243,0,0
1652708029625,239,Get All Activities Request,200,OK,Endurance Test Group 1-19,text,true,,352,181,20,20,https://applicationtype195746-appservice.azurewebsites.net/api/Activities?Page=1&id=1,239,0,0
1652708029634,240,Get All Activities Request,200,OK,Endurance Test Group 1-5,text,true,,351,181,20,20,https://applicationtype195746-appservice.azurewebsites.net/api/Activities?Page=1&id=2,240,0,0
1652708029650,241,Get All Activities Request,200,OK,Endurance Test Group 1-14,text,true,,352,181,20,20,https://applicationtype195746-appservice.azurewebsites.net/api/Activities?Page=1&id=3,241,0,0
1652708029673,239,Get All Activities Request,200,OK,Endurance Test Group 1-6,text,true,,351,181,20,20,https://applicationtype195746-appservice.azurewebsites.net/api/Activities?Page=1&id=4,239,0,0
1652708029690,241,Get All Activities Request,200,OK,Endurance Test Group 1-16,text,true,,351,181,20,20,https://applicationtype195746-appservice.azurewebsites.net/api/Activities?Page=1&id=6,241,0,0
1652708029690,242,Get All Activities Request,200,OK,Endurance Test Group 1-20,text,true,,352,181,20,20,https://applicationtype195746-appservice.azurewebsites.net/api/Activities?Page=1&id=5,242,0,0
1652708029690,242,Get All Activities Request,200,OK,Endurance Test Group 1-15,text,true,,352,181,20,20,https://applicationtype195746-appservice.azurewebsites.net/api/Activities?Page=1&id=7,242,0,0
1652708029692,242,Get All Activities Request,200,OK,Endurance Test Group 1-10,text,true,,351,181,20,20,https://applicationtype195746-appservice.azurewebsites.net/api/Activities?Page=1&id=8,242,0,0
1652708029768,240,Get All Activities Request,200,OK,Endurance Test Group 1-7,text,true,,352,181,20,20,https://applicationtype195746-appservice.azurewebsites.net/api/Activities?Page=1&id=9,240,0,0
1652708029770,238,Get All Activities Request,200,OK,Endurance Test Group 1-12,text,true,,353,182,20,20,https://applicationtype195746-appservice.azurewebsites.net/api/Activities?Page=1&id=10,238,0,0
1652708029774,237,Get All Activities Request,200,OK,Endurance Test Group 1-8,text,true,,352,181,20,20,https://applicationtype195746-appservice.azurewebsites.net/api/Activities?Page=1&id=1,237,0,0
1652708029774,239,Get All Activities Request,200,OK,Endurance Test Group 1-18,text,true,,351,181,20,20,https://applicationtype195746-appservice.azurewebsites.net/api/Activities?Page=1&id=2,239,0,0
1652708029565,456,Get All Activities Request,200,OK,Endurance Test Group 1-2,text,true,,352,181,20,20,https://applicationtype195746-appservice.azurewebsites.net/api/Activities?Page=1&id=9,456,0,0
1652708029791,240,Get All Activities Request,200,OK,Endurance Test Group 1-4,text,true,,352,181,20,20,https://applicationtype195746-appservice.azurewebsites.net/api/Activities?Page=1&id=3,240,0,0
1652708029792,239,Get All Activities Request,200,OK,Endurance Test Group 1-3,text,true,,352,181,20,20,https://applicationtype195746-appservice.azurewebsites.net/api/Activities?Page=1&id=7,239,0,0
1652708029792,239,Get All Activities Request,200,OK,Endurance Test Group 1-9,text,true,,351,181,20,20,https://applicationtype195746-appservice.azurewebsites.net/api/Activities?Page=1&id=6,239,0,0
1652708029791,240,Get All Activities Request,200,OK,Endurance Test Group 1-17,text,true,,351,181,20,20,https://applicationtype195746-appservice.azurewebsites.net/api/Activities?Page=1&id=4,240,0,0
1652708029791,252,Get All Activities Request,200,OK,Endurance Test Group 1-11,text,true,,352,181,20,20,https://applicationtype195746-appservice.azurewebsites.net/api/Activities?Page=1&id=5,252,0,0
1652708029811,239,Get All Activities Request,200,OK,Endurance Test Group 1-1,text,true,,351,181,20,20,https://applicationtype195746-appservice.azurewebsites.net/api/Activities?Page=1&id=8,239,0,0
1652708029852,246,Get All Activities Request,200,OK,Endurance Test Group 1-13,text,true,,352,181,20,20,https://applicationtype195746-appservice.azurewebsites.net/api/Activities?Page=1&id=9,246,0,0
1652708029864,238,Get All Activities Request,200,OK,Endurance Test Group 1-19,text,true,,353,182,20,20,https://applicationtype195746-appservice.azurewebsites.net/api/Activities?Page=1&id=10,238,0,0
1652708029877,246,Get All Activities Request,200,OK,Endurance Test Group 1-5,text,true,,352,181,20,20,https://applicationtype195746-appservice.azurewebsites.net/api/Activities?Page=1&id=1,246,0,0
1652708029891,240,Get All Activities Request,200,OK,Endurance Test Group 1-14,text,true,,351,181,20,20,https://applicationtype195746-appservice.azurewebsites.net/api/Activities?Page=1&id=2,240,0,0
1652708029912,243,Get All Activities Request,200,OK,Endurance Test Group 1-6,text,true,,352,181,20,20,https://applicationtype195746-appservice.azurewebsites.net/api/Activities?Page=1&id=3,243,0,0
1652708029931,238,Get All Activities Request,200,OK,Endurance Test Group 1-16,text,true,,351,181,20,20,https://applicationtype195746-appservice.azurewebsites.net/api/Activities?Page=1&id=4,238,0,0
1652708029932,238,Get All Activities Request,200,OK,Endurance Test Group 1-15,text,true,,351,181,20,20,https://applicationtype195746-appservice.azurewebsites.net/api/Activities?Page=1&id=6,238,0,0
1652708029932,239,Get All Activities Request,200,OK,Endurance Test Group 1-20,text,true,,352,181,20,20,https://applicationtype195746-appservice.azurewebsites.net/api/Activities?Page=1&id=5,239,0,0
1652708029935,259,Get All Activities Request,200,OK,Endurance Test Group 1-10,text,true,,352,181,20,20,https://applicationtype195746-appservice.azurewebsites.net/api/Activities?Page=1&id=7,259,0,0
1652708030008,239,Get All Activities Request,200,OK,Endurance Test Group 1-7,text,true,,351,181,20,20,https://applicationtype195746-appservice.azurewebsites.net/api/Activities?Page=1&id=8,239,0,0
1652708030008,239,Get All Activities Request,200,OK,Endurance Test Group 1-12,text,true,,352,181,20,20,https://applicationtype195746-appservice.azurewebsites.net/api/Activities?Page=1&id=9,239,0,0
1652708030011,242,Get All Activities Request,200,OK,Endurance Test Group 1-8,text,true,,353,182,20,20,https://applicationtype195746-appservice.azurewebsites.net/api/Activities?Page=1&id=10,242,0,0
1652708030015,239,Get All Activities Request,200,OK,Endurance Test Group 1-18,text,true,,352,181,20,20,https://applicationtype195746-appservice.azurewebsites.net/api/Activities?Page=1&id=1,239,0,0
1652708030021,239,Get All Activities Request,200,OK,Endurance Test Group 1-2,text,true,,351,181,20,20,https://applicationtype195746-appservice.azurewebsites.net/api/Activities?Page=1&id=2,239,0,0
1652708030031,242,Get All Activities Request,200,OK,Endurance Test Group 1-9,text,true,,352,181,20,20,https://applicationtype195746-appservice.azurewebsites.net/api/Activities?Page=1&id=3,242,0,0
1652708030031,243,Get All Activities Request,200,OK,Endurance Test Group 1-3,text,true,,352,181,20,20,https://applicationtype195746-appservice.azurewebsites.net/api/Activities?Page=1&id=5,243,0,0
1652708030031,258,Get All Activities Request,200,OK,Endurance Test Group 1-4,text,true,,351,181,20,20,https://applicationtype195746-appservice.azurewebsites.net/api/Activities?Page=1&id=4,258,0,0
1652708030031,258,Get All Activities Request,200,OK,Endurance Test Group 1-17,text,true,,351,181,20,20,https://applicationtype195746-appservice.azurewebsites.net/api/Activities?Page=1&id=6,258,0,0
1652708030043,260,Get All Activities Request,200,OK,Endurance Test Group 1-11,text,true,,352,181,20,20,https://applicationtype195746-appservice.azurewebsites.net/api/Activities?Page=1&id=7,260,0,0
1652708030050,253,Get All Activities Request,200,OK,Endurance Test Group 1-1,text,true,,351,181,20,20,https://applicationtype195746-appservice.azurewebsites.net/api/Activities?Page=1&id=8,253,0,0
1652708030098,247,Get All Activities Request,200,OK,Endurance Test Group 1-13,text,true,,352,181,20,20,https://applicationtype195746-appservice.azurewebsites.net/api/Activities?Page=1&id=9,247,0,0
1652708030103,245,Get All Activities Request,200,OK,Endurance Test Group 1-19,text,true,,353,182,20,20,https://applicationtype195746-appservice.azurewebsites.net/api/Activities?Page=1&id=10,245,0,0
1652708030125,248,Get All Activities Request,200,OK,Endurance Test Group 1-5,text,true,,352,181,20,20,https://applicationtype195746-appservice.azurewebsites.net/api/Activities?Page=1&id=1,248,0,0
1652708030131,243,Get All Activities Request,200,OK,Endurance Test Group 1-14,text,true,,351,181,20,20,https://applicationtype195746-appservice.azurewebsites.net/api/Activities?Page=1&id=2,243,0,0
1652708030155,247,Get All Activities Request,200,OK,Endurance Test Group 1-6,text,true,,352,181,20,20,https://applicationtype195746-appservice.azurewebsites.net/api/Activities?Page=1&id=3,247,0,0
1652708030169,238,Get All Activities Request,200,OK,Endurance Test Group 1-16,text,true,,351,181,20,20,https://applicationtype195746-appservice.azurewebsites.net/api/Activities?Page=1&id=4,238,0,0
1652708030170,239,Get All Activities Request,200,OK,Endurance Test Group 1-15,text,true,,352,181,20,20,https://applicationtype195746-appservice.azurewebsites.net/api/Activities?Page=1&id=5,239,0,0
1652708030171,241,Get All Activities Request,200,OK,Endurance Test Group 1-20,text,true,,351,181,20,20,https://applicationtype195746-appservice.azurewebsites.net/api/Activities?Page=1&id=6,241,0,0
1652708030195,246,Get All Activities Request,200,OK,Endurance Test Group 1-10,text,true,,352,181,20,20,https://applicationtype195746-appservice.azurewebsites.net/api/Activities?Page=1&id=7,246,0,0
1652708030247,242,Get All Activities Request,200,OK,Endurance Test Group 1-12,text,true,,352,181,20,20,https://applicationtype195746-appservice.azurewebsites.net/api/Activities?Page=1&id=9,242,0,0
1652708030247,242,Get All Activities Request,200,OK,Endurance Test Group 1-7,text,true,,351,181,20,20,https://applicationtype195746-appservice.azurewebsites.net/api/Activities?Page=1&id=8,242,0,0
1652708030256,248,Get All Activities Request,200,OK,Endurance Test Group 1-18,text,true,,352,181,20,20,https://applicationtype195746-appservice.azurewebsites.net/api/Activities?Page=1&id=1,248,0,0
1652708030253,251,Get All Activities Request,200,OK,Endurance Test Group 1-8,text,true,,353,182,20,20,https://applicationtype195746-appservice.azurewebsites.net/api/Activities?Page=1&id=10,251,0,0
1652708030260,245,Get All Activities Request,200,OK,Endurance Test Group 1-2,text,true,,351,181,20,20,https://applicationtype195746-appservice.azurewebsites.net/api/Activities?Page=1&id=2,245,0,0
1652708030274,239,Get All Activities Request,200,OK,Endurance Test Group 1-9,text,true,,352,181,20,20,https://applicationtype195746-appservice.azurewebsites.net/api/Activities?Page=1&id=3,239,0,0
1652708030274,244,Get All Activities Request,200,OK,Endurance Test Group 1-3,text,true,,351,181,20,20,https://applicationtype195746-appservice.azurewebsites.net/api/Activities?Page=1&id=4,244,0,0
1652708030289,242,Get All Activities Request,200,OK,Endurance Test Group 1-4,text,true,,352,181,20,20,https://applicationtype195746-appservice.azurewebsites.net/api/Activities?Page=1&id=5,242,0,0
1652708030289,243,Get All Activities Request,200,OK,Endurance Test Group 1-17,text,true,,351,181,20,20,https://applicationtype195746-appservice.azurewebsites.net/api/Activities?Page=1&id=6,243,0,0
1652708030304,241,Get All Activities Request,200,OK,Endurance Test Group 1-1,text,true,,352,181,20,20,https://applicationtype195746-appservice.azurewebsites.net/api/Activities?Page=1&id=7,241,0,0
1652708030304,253,Get All Activities Request,200,OK,Endurance Test Group 1-11,text,true,,351,181,20,20,https://applicationtype195746-appservice.azurewebsites.net/api/Activities?Page=1&id=8,253,0,0
1652708030348,238,Get All Activities Request,200,OK,Endurance Test Group 1-19,text,true,,352,182,20,20,https://applicationtype195746-appservice.azurewebsites.net/api/Activities?Page=1&id=10,238,0,0
1652708030345,243,Get All Activities Request,200,OK,Endurance Test Group 1-13,text,true,,351,181,20,20,https://applicationtype195746-appservice.azurewebsites.net/api/Activities?Page=1&id=9,243,0,0
1652708030375,241,Get All Activities Request,200,OK,Endurance Test Group 1-14,text,true,,350,181,20,20,https://applicationtype195746-appservice.azurewebsites.net/api/Activities?Page=1&id=2,241,0,0
1652708030375,244,Get All Activities Request,200,OK,Endurance Test Group 1-5,text,true,,352,181,20,20,https://applicationtype195746-appservice.azurewebsites.net/api/Activities?Page=1&id=1,244,0,0
1652708030402,245,Get All Activities Request,200,OK,Endurance Test Group 1-6,text,true,,352,181,20,20,https://applicationtype195746-appservice.azurewebsites.net/api/Activities?Page=1&id=3,245,0,0
1652708030408,240,Get All Activities Request,200,OK,Endurance Test Group 1-16,text,true,,351,181,20,20,https://applicationtype195746-appservice.azurewebsites.net/api/Activities?Page=1&id=4,240,0,0
1652708030409,240,Get All Activities Request,200,OK,Endurance Test Group 1-15,text,true,,352,181,20,20,https://applicationtype195746-appservice.azurewebsites.net/api/Activities?Page=1&id=5,240,0,0
1652708030412,244,Get All Activities Request,200,OK,Endurance Test Group 1-20,text,true,,351,181,20,20,https://applicationtype195746-appservice.azurewebsites.net/api/Activities?Page=1&id=6,244,0,0
1652708030442,241,Get All Activities Request,200,OK,Endurance Test Group 1-10,text,true,,352,181,20,20,https://applicationtype195746-appservice.azurewebsites.net/api/Activities?Page=1&id=7,241,0,0
1652708030490,241,Get All Activities Request,200,OK,Endurance Test Group 1-12,text,true,,351,181,20,20,https://applicationtype195746-appservice.azurewebsites.net/api/Activities?Page=1&id=8,241,0,0
1652708030490,241,Get All Activities Request,200,OK,Endurance Test Group 1-7,text,true,,352,181,20,20,https://applicationtype195746-appservice.azurewebsites.net/api/Activities?Page=1&id=9,241,0,0
1652708030506,241,Get All Activities Request,200,OK,Endurance Test Group 1-8,text,true,,351,181,20,20,https://applicationtype195746-appservice.azurewebsites.net/api/Activities?Page=1&id=2,241,0,0
1652708030506,241,Get All Activities Request,200,OK,Endurance Test Group 1-2,text,true,,352,181,20,20,https://applicationtype195746-appservice.azurewebsites.net/api/Activities?Page=1&id=1,241,0,0
1652708030513,241,Get All Activities Request,200,OK,Endurance Test Group 1-9,text,true,,352,181,20,20,https://applicationtype195746-appservice.azurewebsites.net/api/Activities?Page=1&id=3,241,0,0
1652708030505,249,Get All Activities Request,200,OK,Endurance Test Group 1-18,text,true,,353,182,20,20,https://applicationtype195746-appservice.azurewebsites.net/api/Activities?Page=1&id=10,249,0,0
1652708030519,241,Get All Activities Request,200,OK,Endurance Test Group 1-3,text,true,,351,181,20,20,https://applicationtype195746-appservice.azurewebsites.net/api/Activities?Page=1&id=4,241,0,0
1652708030531,252,Get All Activities Request,200,OK,Endurance Test Group 1-4,text,true,,352,181,20,20,https://applicationtype195746-appservice.azurewebsites.net/api/Activities?Page=1&id=5,252,0,0
1652708030546,237,Get All Activities Request,200,OK,Endurance Test Group 1-1,text,true,,352,181,20,20,https://applicationtype195746-appservice.azurewebsites.net/api/Activities?Page=1&id=7,237,0,0
1652708030532,251,Get All Activities Request,200,OK,Endurance Test Group 1-17,text,true,,351,181,20,20,https://applicationtype195746-appservice.azurewebsites.net/api/Activities?Page=1&id=6,251,0,0
1652708030557,249,Get All Activities Request,200,OK,Endurance Test Group 1-11,text,true,,351,181,20,20,https://applicationtype195746-appservice.azurewebsites.net/api/Activities?Page=1&id=8,249,0,0
1652708030586,238,Get All Activities Request,200,OK,Endurance Test Group 1-19,text,true,,352,181,20,20,https://applicationtype195746-appservice.azurewebsites.net/api/Activities?Page=1&id=9,238,0,0
1652708030589,249,Get All Activities Request,200,OK,Endurance Test Group 1-13,text,true,,353,182,20,20,https://applicationtype195746-appservice.azurewebsites.net/api/Activities?Page=1&id=10,249,0,0
1652708030619,242,Get All Activities Request,200,OK,Endurance Test Group 1-5,text,true,,351,181,20,20,https://applicationtype195746-appservice.azurewebsites.net/api/Activities?Page=1&id=2,242,0,0
1652708030617,254,Get All Activities Request,200,OK,Endurance Test Group 1-14,text,true,,352,181,20,20,https://applicationtype195746-appservice.azurewebsites.net/api/Activities?Page=1&id=1,254,0,0
1652708030648,249,Get All Activities Request,200,OK,Endurance Test Group 1-16,text,true,,351,181,20,20,https://applicationtype195746-appservice.azurewebsites.net/api/Activities?Page=1&id=4,249,0,0
1652708030647,250,Get All Activities Request,200,OK,Endurance Test Group 1-6,text,true,,352,181,20,20,https://applicationtype195746-appservice.azurewebsites.net/api/Activities?Page=1&id=3,250,0,0
1652708030649,252,Get All Activities Request,200,OK,Endurance Test Group 1-15,text,true,,352,181,20,20,https://applicationtype195746-appservice.azurewebsites.net/api/Activities?Page=1&id=5,252,0,0
1652708030657,253,Get All Activities Request,200,OK,Endurance Test Group 1-20,text,true,,351,181,20,20,https://applicationtype195746-appservice.azurewebsites.net/api/Activities?Page=1&id=6,253,0,0
1652708030684,244,Get All Activities Request,200,OK,Endurance Test Group 1-10,text,true,,352,181,20,20,https://applicationtype195746-appservice.azurewebsites.net/api/Activities?Page=1&id=7,244,0,0
1652708030731,238,Get All Activities Request,200,OK,Endurance Test Group 1-12,text,true,,349,181,20,20,https://applicationtype195746-appservice.azurewebsites.net/api/Activities?Page=1&id=8,238,0,0
1652708030731,238,Get All Activities Request,200,OK,Endurance Test Group 1-7,text,true,,350,181,20,20,https://applicationtype195746-appservice.azurewebsites.net/api/Activities?Page=1&id=9,238,0,0
1652708030747,242,Get All Activities Request,200,OK,Endurance Test Group 1-8,text,true,,353,182,20,20,https://applicationtype195746-appservice.azurewebsites.net/api/Activities?Page=1&id=10,242,0,0
1652708030750,239,Get All Activities Request,200,OK,Endurance Test Group 1-2,text,true,,352,181,20,20,https://applicationtype195746-appservice.azurewebsites.net/api/Activities?Page=1&id=1,239,0,0
1652708030754,241,Get All Activities Request,200,OK,Endurance Test Group 1-9,text,true,,350,181,20,20,https://applicationtype195746-appservice.azurewebsites.net/api/Activities?Page=1&id=2,241,0,0
1652708030754,247,Get All Activities Request,200,OK,Endurance Test Group 1-18,text,true,,351,181,20,20,https://applicationtype195746-appservice.azurewebsites.net/api/Activities?Page=1&id=3,247,0,0
1652708030760,245,Get All Activities Request,200,OK,Endurance Test Group 1-3,text,true,,350,181,20,20,https://applicationtype195746-appservice.azurewebsites.net/api/Activities?Page=1&id=4,245,0,0
1652708030784,238,Get All Activities Request,200,OK,Endurance Test Group 1-4,text,true,,352,181,20,20,https://applicationtype195746-appservice.azurewebsites.net/api/Activities?Page=1&id=5,238,0,0
1652708030784,240,Get All Activities Request,200,OK,Endurance Test Group 1-1,text,true,,351,181,20,20,https://applicationtype195746-appservice.azurewebsites.net/api/Activities?Page=1&id=6,240,0,0
1652708030784,242,Get All Activities Request,200,OK,Endurance Test Group 1-17,text,true,,352,181,20,20,https://applicationtype195746-appservice.azurewebsites.net/api/Activities?Page=1&id=7,242,0,0
1652708030806,259,Get All Activities Request,200,OK,Endurance Test Group 1-11,text,true,,351,181,20,20,https://applicationtype195746-appservice.azurewebsites.net/api/Activities?Page=1&id=8,259,0,0
1652708030825,244,Get All Activities Request,200,OK,Endurance Test Group 1-19,text,true,,352,181,20,20,https://applicationtype195746-appservice.azurewebsites.net/api/Activities?Page=1&id=9,244,0,0
1652708030838,244,Get All Activities Request,200,OK,Endurance Test Group 1-13,text,true,,353,182,20,20,https://applicationtype195746-appservice.azurewebsites.net/api/Activities?Page=1&id=10,244,0,0
1652708030863,240,Get All Activities Request,200,OK,Endurance Test Group 1-5,text,true,,352,181,20,20,https://applicationtype195746-appservice.azurewebsites.net/api/Activities?Page=1&id=1,240,0,0
1652708030871,242,Get All Activities Request,200,OK,Endurance Test Group 1-14,text,true,,351,181,20,20,https://applicationtype195746-appservice.azurewebsites.net/api/Activities?Page=1&id=2,242,0,0
1652708030898,246,Get All Activities Request,200,OK,Endurance Test Group 1-16,text,true,,352,181,20,20,https://applicationtype195746-appservice.azurewebsites.net/api/Activities?Page=1&id=3,246,0,0
1652708030901,245,Get All Activities Request,200,OK,Endurance Test Group 1-15,text,true,,352,181,20,20,https://applicationtype195746-appservice.azurewebsites.net/api/Activities?Page=1&id=5,245,0,0
1652708030898,248,Get All Activities Request,200,OK,Endurance Test Group 1-6,text,true,,351,181,20,20,https://applicationtype195746-appservice.azurewebsites.net/api/Activities?Page=1&id=4,248,0,0
1652708030910,244,Get All Activities Request,200,OK,Endurance Test Group 1-20,text,true,,350,181,20,20,https://applicationtype195746-appservice.azurewebsites.net/api/Activities?Page=1&id=6,244,0,0
1652708030928,264,Get All Activities Request,200,OK,Endurance Test Group 1-10,text,true,,352,181,20,20,https://applicationtype195746-appservice.azurewebsites.net/api/Activities?Page=1&id=7,263,0,0
1652708030970,243,Get All Activities Request,200,OK,Endurance Test Group 1-12,text,true,,351,181,20,20,https://applicationtype195746-appservice.azurewebsites.net/api/Activities?Page=1&id=8,243,0,0
1652708030970,245,Get All Activities Request,200,OK,Endurance Test Group 1-7,text,true,,352,181,20,20,https://applicationtype195746-appservice.azurewebsites.net/api/Activities?Page=1&id=9,245,0,0
1652708030990,243,Get All Activities Request,200,OK,Endurance Test Group 1-8,text,true,,353,182,20,20,https://applicationtype195746-appservice.azurewebsites.net/api/Activities?Page=1&id=10,243,0,0
1652708030992,242,Get All Activities Request,200,OK,Endurance Test Group 1-2,text,true,,352,181,20,20,https://applicationtype195746-appservice.azurewebsites.net/api/Activities?Page=1&id=1,242,0,0
1652708030995,242,Get All Activities Request,200,OK,Endurance Test Group 1-9,text,true,,351,181,20,20,https://applicationtype195746-appservice.azurewebsites.net/api/Activities?Page=1&id=2,242,0,0
1652708031001,240,Get All Activities Request,200,OK,Endurance Test Group 1-18,text,true,,352,181,20,20,https://applicationtype195746-appservice.azurewebsites.net/api/Activities?Page=1&id=3,240,0,0
1652708031005,241,Get All Activities Request,200,OK,Endurance Test Group 1-3,text,true,,351,181,20,20,https://applicationtype195746-appservice.azurewebsites.net/api/Activities?Page=1&id=4,241,0,0
1652708031022,242,Get All Activities Request,200,OK,Endurance Test Group 1-4,text,true,,351,181,20,20,https://applicationtype195746-appservice.azurewebsites.net/api/Activities?Page=1&id=5,242,0,0
1652708031025,240,Get All Activities Request,200,OK,Endurance Test Group 1-1,text,true,,350,181,20,20,https://applicationtype195746-appservice.azurewebsites.net/api/Activities?Page=1&id=6,240,0,0
1652708031027,247,Get All Activities Request,200,OK,Endurance Test Group 1-17,text,true,,352,181,20,20,https://applicationtype195746-appservice.azurewebsites.net/api/Activities?Page=1&id=7,247,0,0
1652708031069,240,Get All Activities Request,200,OK,Endurance Test Group 1-19,text,true,,352,181,20,20,https://applicationtype195746-appservice.azurewebsites.net/api/Activities?Page=1&id=9,240,0,0
1652708031066,244,Get All Activities Request,200,OK,Endurance Test Group 1-11,text,true,,351,181,20,20,https://applicationtype195746-appservice.azurewebsites.net/api/Activities?Page=1&id=8,244,0,0
1652708031082,243,Get All Activities Request,200,OK,Endurance Test Group 1-13,text,true,,352,182,20,20,https://applicationtype195746-appservice.azurewebsites.net/api/Activities?Page=1&id=10,243,0,0
1652708031105,254,Get All Activities Request,200,OK,Endurance Test Group 1-5,text,true,,352,181,20,20,https://applicationtype195746-appservice.azurewebsites.net/api/Activities?Page=1&id=1,254,0,0
1652708031113,250,Get All Activities Request,200,OK,Endurance Test Group 1-14,text,true,,351,181,20,20,https://applicationtype195746-appservice.azurewebsites.net/api/Activities?Page=1&id=2,250,0,0
1652708031146,238,Get All Activities Request,200,OK,Endurance Test Group 1-6,text,true,,352,181,20,20,https://applicationtype195746-appservice.azurewebsites.net/api/Activities?Page=1&id=5,238,0,0
1652708031146,240,Get All Activities Request,200,OK,Endurance Test Group 1-15,text,true,,351,181,20,20,https://applicationtype195746-appservice.azurewebsites.net/api/Activities?Page=1&id=4,240,0,0
1652708031144,249,Get All Activities Request,200,OK,Endurance Test Group 1-16,text,true,,352,181,20,20,https://applicationtype195746-appservice.azurewebsites.net/api/Activities?Page=1&id=3,249,0,0
1652708031154,253,Get All Activities Request,200,OK,Endurance Test Group 1-20,text,true,,351,181,20,20,https://applicationtype195746-appservice.azurewebsites.net/api/Activities?Page=1&id=6,253,0,0
1652708031192,248,Get All Activities Request,200,OK,Endurance Test Group 1-10,text,true,,352,181,20,20,https://applicationtype195746-appservice.azurewebsites.net/api/Activities?Page=1&id=7,248,0,0
1652708031215,237,Get All Activities Request,200,OK,Endurance Test Group 1-7,text,true,,352,181,20,20,https://applicationtype195746-appservice.azurewebsites.net/api/Activities?Page=1&id=9,237,0,0
1652708031213,239,Get All Activities Request,200,OK,Endurance Test Group 1-12,text,true,,351,181,20,20,https://applicationtype195746-appservice.azurewebsites.net/api/Activities?Page=1&id=8,239,0,0
1652708031233,239,Get All Activities Request,200,OK,Endurance Test Group 1-8,text,true,,353,182,20,20,https://applicationtype195746-appservice.azurewebsites.net/api/Activities?Page=1&id=10,239,0,0
1652708031236,238,Get All Activities Request,200,OK,Endurance Test Group 1-2,text,true,,352,181,20,20,https://applicationtype195746-appservice.azurewebsites.net/api/Activities?Page=1&id=1,238,0,0
1652708031237,239,Get All Activities Request,200,OK,Endurance Test Group 1-9,text,true,,351,181,20,20,https://applicationtype195746-appservice.azurewebsites.net/api/Activities?Page=1&id=2,239,0,0
1652708031241,239,Get All Activities Request,200,OK,Endurance Test Group 1-18,text,true,,352,181,20,20,https://applicationtype195746-appservice.azurewebsites.net/api/Activities?Page=1&id=3,239,0,0
1652708031246,239,Get All Activities Request,200,OK,Endurance Test Group 1-3,text,true,,351,181,20,20,https://applicationtype195746-appservice.azurewebsites.net/api/Activities?Page=1&id=4,239,0,0
1652708031264,239,Get All Activities Request,200,OK,Endurance Test Group 1-4,text,true,,352,181,20,20,https://applicationtype195746-appservice.azurewebsites.net/api/Activities?Page=1&id=5,239,0,0
1652708031265,238,Get All Activities Request,200,OK,Endurance Test Group 1-1,text,true,,351,181,20,20,https://applicationtype195746-appservice.azurewebsites.net/api/Activities?Page=1&id=6,238,0,0
1652708031274,241,Get All Activities Request,200,OK,Endurance Test Group 1-17,text,true,,352,181,20,20,https://applicationtype195746-appservice.azurewebsites.net/api/Activities?Page=1&id=7,241,0,0
1652708031309,241,Get All Activities Request,200,OK,Endurance Test Group 1-19,text,true,,351,181,20,20,https://applicationtype195746-appservice.azurewebsites.net/api/Activities?Page=1&id=8,241,0,0
1652708031310,244,Get All Activities Request,200,OK,Endurance Test Group 1-11,text,true,,352,181,20,20,https://applicationtype195746-appservice.azurewebsites.net/api/Activities?Page=1&id=9,244,0,0
1652708031325,244,Get All Activities Request,200,OK,Endurance Test Group 1-13,text,true,,352,182,20,20,https://applicationtype195746-appservice.azurewebsites.net/api/Activities?Page=1&id=10,244,0,0
1652708031361,239,Get All Activities Request,200,OK,Endurance Test Group 1-5,text,true,,352,181,20,20,https://applicationtype195746-appservice.azurewebsites.net/api/Activities?Page=1&id=1,239,0,0
1652708031363,244,Get All Activities Request,200,OK,Endurance Test Group 1-14,text,true,,351,181,20,20,https://applicationtype195746-appservice.azurewebsites.net/api/Activities?Page=1&id=2,244,0,0
1652708031385,240,Get All Activities Request,200,OK,Endurance Test Group 1-6,text,true,,352,181,20,20,https://applicationtype195746-appservice.azurewebsites.net/api/Activities?Page=1&id=3,240,0,0
1652708031386,240,Get All Activities Request,200,OK,Endurance Test Group 1-15,text,true,,351,181,20,20,https://applicationtype195746-appservice.azurewebsites.net/api/Activities?Page=1&id=4,240,0,0
1652708031393,239,Get All Activities Request,200,OK,Endurance Test Group 1-16,text,true,,352,181,20,20,https://applicationtype195746-appservice.azurewebsites.net/api/Activities?Page=1&id=5,239,0,0
1652708031407,240,Get All Activities Request,200,OK,Endurance Test Group 1-20,text,true,,351,181,20,20,https://applicationtype195746-appservice.azurewebsites.net/api/Activities?Page=1&id=6,240,0,0
1652708031440,249,Get All Activities Request,200,OK,Endurance Test Group 1-10,text,true,,352,181,20,20,https://applicationtype195746-appservice.azurewebsites.net/api/Activities?Page=1&id=7,249,0,0
1652708031452,239,Get All Activities Request,200,OK,Endurance Test Group 1-12,text,true,,351,181,20,20,https://applicationtype195746-appservice.azurewebsites.net/api/Activities?Page=1&id=8,239,0,0
1652708031452,239,Get All Activities Request,200,OK,Endurance Test Group 1-7,text,true,,352,181,20,20,https://applicationtype195746-appservice.azurewebsites.net/api/Activities?Page=1&id=9,239,0,0
1652708031472,240,Get All Activities Request,200,OK,Endurance Test Group 1-8,text,true,,353,182,20,20,https://applicationtype195746-appservice.azurewebsites.net/api/Activities?Page=1&id=10,240,0,0
1652708031476,236,Get All Activities Request,200,OK,Endurance Test Group 1-2,text,true,,352,181,20,20,https://applicationtype195746-appservice.azurewebsites.net/api/Activities?Page=1&id=1,236,0,0
1652708031476,238,Get All Activities Request,200,OK,Endurance Test Group 1-9,text,true,,351,181,20,20,https://applicationtype195746-appservice.azurewebsites.net/api/Activities?Page=1&id=2,238,0,0
1652708031480,240,Get All Activities Request,200,OK,Endurance Test Group 1-18,text,true,,352,181,20,20,https://applicationtype195746-appservice.azurewebsites.net/api/Activities?Page=1&id=3,240,0,0
1652708031485,250,Get All Activities Request,200,OK,Endurance Test Group 1-3,text,true,,351,181,20,20,https://applicationtype195746-appservice.azurewebsites.net/api/Activities?Page=1&id=4,250,0,0
1652708031503,237,Get All Activities Request,200,OK,Endurance Test Group 1-4,text,true,,351,181,20,20,https://applicationtype195746-appservice.azurewebsites.net/api/Activities?Page=1&id=5,237,0,0
1652708031503,238,Get All Activities Request,200,OK,Endurance Test Group 1-1,text,true,,350,181,20,20,https://applicationtype195746-appservice.azurewebsites.net/api/Activities?Page=1&id=6,238,0,0
1652708031515,240,Get All Activities Request,200,OK,Endurance Test Group 1-17,text,true,,352,181,19,19,https://applicationtype195746-appservice.azurewebsites.net/api/Activities?Page=1&id=7,240,0,0
1652708031551,238,Get All Activities Request,200,OK,Endurance Test Group 1-19,text,true,,351,181,19,19,https://applicationtype195746-appservice.azurewebsites.net/api/Activities?Page=1&id=8,238,0,0
1652708031557,249,Get All Activities Request,200,OK,Endurance Test Group 1-11,text,true,,352,181,19,19,https://applicationtype195746-appservice.azurewebsites.net/api/Activities?Page=1&id=9,249,0,0
1652708031569,241,Get All Activities Request,200,OK,Endurance Test Group 1-13,text,true,,353,182,19,19,https://applicationtype195746-appservice.azurewebsites.net/api/Activities?Page=1&id=10,241,0,0
1652708031602,239,Get All Activities Request,200,OK,Endurance Test Group 1-5,text,true,,352,181,19,19,https://applicationtype195746-appservice.azurewebsites.net/api/Activities?Page=1&id=1,239,0,0
1652708031608,240,Get All Activities Request,200,OK,Endurance Test Group 1-14,text,true,,351,181,18,18,https://applicationtype195746-appservice.azurewebsites.net/api/Activities?Page=1&id=2,240,0,0
1652708031625,237,Get All Activities Request,200,OK,Endurance Test Group 1-6,text,true,,352,181,18,18,https://applicationtype195746-appservice.azurewebsites.net/api/Activities?Page=1&id=3,237,0,0
1652708031626,240,Get All Activities Request,200,OK,Endurance Test Group 1-15,text,true,,351,181,17,17,https://applicationtype195746-appservice.azurewebsites.net/api/Activities?Page=1&id=4,240,0,0
1652708031633,238,Get All Activities Request,200,OK,Endurance Test Group 1-16,text,true,,352,181,17,17,https://applicationtype195746-appservice.azurewebsites.net/api/Activities?Page=1&id=5,238,0,0
1652708031647,240,Get All Activities Request,200,OK,Endurance Test Group 1-20,text,true,,350,181,17,17,https://applicationtype195746-appservice.azurewebsites.net/api/Activities?Page=1&id=6,240,0,0
1652708031691,239,Get All Activities Request,200,OK,Endurance Test Group 1-7,text,true,,352,181,17,17,https://applicationtype195746-appservice.azurewebsites.net/api/Activities?Page=1&id=9,239,0,0
1652708031691,239,Get All Activities Request,200,OK,Endurance Test Group 1-12,text,true,,351,181,17,17,https://applicationtype195746-appservice.azurewebsites.net/api/Activities?Page=1&id=8,239,0,0
1652708031689,244,Get All Activities Request,200,OK,Endurance Test Group 1-10,text,true,,352,181,16,16,https://applicationtype195746-appservice.azurewebsites.net/api/Activities?Page=1&id=7,244,0,0
1652708031713,238,Get All Activities Request,200,OK,Endurance Test Group 1-8,text,true,,353,182,16,16,https://applicationtype195746-appservice.azurewebsites.net/api/Activities?Page=1&id=10,238,0,0
1652708031714,237,Get All Activities Request,200,OK,Endurance Test Group 1-2,text,true,,352,181,16,16,https://applicationtype195746-appservice.azurewebsites.net/api/Activities?Page=1&id=1,237,0,0
1652708031714,240,Get All Activities Request,200,OK,Endurance Test Group 1-9,text,true,,351,181,15,15,https://applicationtype195746-appservice.azurewebsites.net/api/Activities?Page=1&id=2,240,0,0
1652708031720,239,Get All Activities Request,200,OK,Endurance Test Group 1-18,text,true,,352,181,15,15,https://applicationtype195746-appservice.azurewebsites.net/api/Activities?Page=1&id=3,239,0,0
1652708031740,238,Get All Activities Request,200,OK,Endurance Test Group 1-4,text,true,,352,181,15,15,https://applicationtype195746-appservice.azurewebsites.net/api/Activities?Page=1&id=5,237,0,0
1652708031735,244,Get All Activities Request,200,OK,Endurance Test Group 1-3,text,true,,351,181,14,14,https://applicationtype195746-appservice.azurewebsites.net/api/Activities?Page=1&id=4,244,0,0
1652708031755,243,Get All Activities Request,200,OK,Endurance Test Group 1-17,text,true,,351,181,13,13,https://applicationtype195746-appservice.azurewebsites.net/api/Activities?Page=1&id=6,243,0,0
1652708031790,238,Get All Activities Request,200,OK,Endurance Test Group 1-19,text,true,,352,181,13,13,https://applicationtype195746-appservice.azurewebsites.net/api/Activities?Page=1&id=7,238,0,0
1652708031806,246,Get All Activities Request,200,OK,Endurance Test Group 1-11,text,true,,351,181,13,13,https://applicationtype195746-appservice.azurewebsites.net/api/Activities?Page=1&id=8,246,0,0
1652708031811,241,Get All Activities Request,200,OK,Endurance Test Group 1-13,text,true,,352,181,13,13,https://applicationtype195746-appservice.azurewebsites.net/api/Activities?Page=1&id=9,241,0,0
1652708031848,249,Get All Activities Request,200,OK,Endurance Test Group 1-14,text,true,,353,182,13,13,https://applicationtype195746-appservice.azurewebsites.net/api/Activities?Page=1&id=10,249,0,0
1652708031867,244,Get All Activities Request,200,OK,Endurance Test Group 1-15,text,true,,352,181,13,13,https://applicationtype195746-appservice.azurewebsites.net/api/Activities?Page=1&id=1,244,0,0
1652708031871,242,Get All Activities Request,200,OK,Endurance Test Group 1-16,text,true,,351,181,13,13,https://applicationtype195746-appservice.azurewebsites.net/api/Activities?Page=1&id=2,242,0,0
1652708031887,241,Get All Activities Request,200,OK,Endurance Test Group 1-20,text,true,,352,181,13,13,https://applicationtype195746-appservice.azurewebsites.net/api/Activities?Page=1&id=3,241,0,0
1652708031930,239,Get All Activities Request,200,OK,Endurance Test Group 1-12,text,true,,350,181,13,13,https://applicationtype195746-appservice.azurewebsites.net/api/Activities?Page=1&id=4,239,0,0
1652708031933,244,Get All Activities Request,200,OK,Endurance Test Group 1-10,text,true,,351,181,12,12,https://applicationtype195746-appservice.azurewebsites.net/api/Activities?Page=1&id=5,244,0,0
1652708031954,244,Get All Activities Request,200,OK,Endurance Test Group 1-9,text,true,,351,181,11,11,https://applicationtype195746-appservice.azurewebsites.net/api/Activities?Page=1&id=7,244,0,0
1652708031951,247,Get All Activities Request,200,OK,Endurance Test Group 1-8,text,true,,350,181,11,11,https://applicationtype195746-appservice.azurewebsites.net/api/Activities?Page=1&id=6,247,0,0
1652708031960,239,Get All Activities Request,200,OK,Endurance Test Group 1-18,text,true,,350,181,11,11,https://applicationtype195746-appservice.azurewebsites.net/api/Activities?Page=1&id=8,239,0,0
1652708031999,274,Get All Activities Request,200,OK,Endurance Test Group 1-17,text,true,,352,181,9,9,https://applicationtype195746-appservice.azurewebsites.net/api/Activities?Page=1&id=9,274,0,0
1652708032029,258,Get All Activities Request,200,OK,Endurance Test Group 1-19,text,true,,353,182,9,9,https://applicationtype195746-appservice.azurewebsites.net/api/Activities?Page=1&id=10,258,0,0
1652708032054,247,Get All Activities Request,200,OK,Endurance Test Group 1-13,text,true,,351,181,9,9,https://applicationtype195746-appservice.azurewebsites.net/api/Activities?Page=1&id=2,247,0,0
1652708032054,251,Get All Activities Request,200,OK,Endurance Test Group 1-11,text,true,,352,181,8,8,https://applicationtype195746-appservice.azurewebsites.net/api/Activities?Page=1&id=1,251,0,0
1652708032097,245,Get All Activities Request,200,OK,Endurance Test Group 1-14,text,true,,352,181,7,7,https://applicationtype195746-appservice.azurewebsites.net/api/Activities?Page=1&id=3,245,0,0
1652708032113,240,Get All Activities Request,200,OK,Endurance Test Group 1-16,text,true,,352,181,6,6,https://applicationtype195746-appservice.azurewebsites.net/api/Activities?Page=1&id=5,240,0,0
1652708032111,245,Get All Activities Request,200,OK,Endurance Test Group 1-15,text,true,,351,181,5,5,https://applicationtype195746-appservice.azurewebsites.net/api/Activities?Page=1&id=4,245,0,0
1652708032128,241,Get All Activities Request,200,OK,Endurance Test Group 1-20,text,true,,351,181,4,4,https://applicationtype195746-appservice.azurewebsites.net/api/Activities?Page=1&id=6,241,0,0
1652708032199,282,Get All Activities Request,200,OK,Endurance Test Group 1-18,text,true,,352,181,4,4,https://applicationtype195746-appservice.azurewebsites.net/api/Activities?Page=1&id=7,282,0,0
1652708032273,252,Get All Activities Request,200,OK,Endurance Test Group 1-17,text,true,,351,181,3,3,https://applicationtype195746-appservice.azurewebsites.net/api/Activities?Page=1&id=8,252,0,0
1652708032287,243,Get All Activities Request,200,OK,Endurance Test Group 1-19,text,true,,352,181,2,2,https://applicationtype195746-appservice.azurewebsites.net/api/Activities?Page=1&id=9,243,0,0
1652708032369,239,Get All Activities Request,200,OK,Endurance Test Group 1-20,text,true,,353,182,1,1,https://applicationtype195746-appservice.azurewebsites.net/api/Activities?Page=1&id=10,239,0,0
